id1,id2,pwd
kgallagher2,sduarte,securepasswordlol
kgallagher2,sDent,securepasswordlol
kgallagher2,mjones23,securepasswordlol
kgallagher2,tlee54,securepasswordlol
kgallagher2,jdoe,securepasswordlol
kgallagher2,nsmith17,securepasswordlol
kgallagher2,lhall99,securepasswordlol
sduarte,jsimmons,F1n$nVSQ)7js_~w
sduarte,nsmith17,F1n$nVSQ)7js_~w
sduarte,dbutler,F1n$nVSQ)7js_~w
sduarte,pclark,F1n$nVSQ)7js_~w
sDent,jsullivan,riZv02g5@KkK&pq
sDent,lhall99,riZv02g5@KkK&pq
sDent,cscott,riZv02g5@KkK&pq
sDent,emurphy,riZv02g5@KkK&pq
mjones23,tlee54,QwErTy123!@#mjones
mjones23,jdoe,QwErTy123!@#mjones
mjones23,cperez,QwErTy123!@#mjones
mjones23,pfoster,QwErTy123!@#mjones
tlee54,jdoe,P@ssw0rdLee#12
tlee54,cperez,P@ssw0rdLee#12
tlee54,gdavies,P@ssw0rdLee#12
tlee54,emurphy,P@ssw0rdLee#12
jdoe,nsmith17,Do3J@5!w1Q
jdoe,kroberts,Do3J@5!w1Q
jdoe,hwhite,Do3J@5!w1Q
jdoe,rking24,Do3J@5!w1Q
cperez,lhall99,zXCvbn12!$c.perez
cperez,nreynolds,zXCvbn12!$c.perez
cperez,jsimmons,zXCvbn12!$c.perez
cperez,jsullivan,zXCvbn12!$c.perez
nsmith17,kroberts,N7m1thS@45
nsmith17,dgreen42,N7m1thS@45
nsmith17,gdavies,N7m1thS@45
nsmith17,mthompson,N7m1thS@45
kroberts,lhall99,T1m3t@G0Roberts
kroberts,jsimmons,T1m3t@G0Roberts
kroberts,rwood,T1m3t@G0Roberts
kroberts,tthomas,T1m3t@G0Roberts
gdavies,jmartinez,GD@v!3sPw123
gdavies,pfoster,GD@v!3sPw123
gdavies,rking24,GD@v!3sPw123
gdavies,pclark,GD@v!3sPw123
lhall99,pclark,Larry99@123
lhall99,jsullivan,Larry99@123
lhall99,jsimmons,Larry99@123
lhall99,williams,Larry99@123
wwilliams,simmons,w!lliam#99
wwilliams,emurphy,w!lliam#99
wwilliams,pfoster,w!lliam#99
wwilliams,rking24,w!lliam#99
rwood,jsimmons,Rocky@Wood1234
rwood,pfoster,Rocky@Wood1234
rwood,pclark,Rocky@Wood1234
rwood,tthomas,Rocky@Wood1234